id,site,group3,group2,gender,age,income,education,satisfaction,pre_score,mid_score,post_score,outcome_anova,x1,x2,x3,mediator,outcome_reg,binary_outcome,count_outcome,cat_var,cat_var2,ordinal_var,skewed_var,outlier_var,zero_var,near_zero_var,high_missing_var,all_missing_var,date_str,f1_1,f1_2,f1_3_rev,f1_4,f2_1,f2_2,f2_3,f2_4_rev,f3_1,f3_2,f3_3,f3_4
1,S1,C,treatment,F,31,44895.32,3,5,54.52,60.27,59.87,68.15,0.343,-1.314,1,-0.495,-0.14,0,0,cat3,high,2,5.468,8.599,3,9.9945,0.498,NA,2020-01-01,4,2,5,4,2,2,3,4,5,5,5,5
2,S3,C,control,M,58,77225.4,3,5,40.24,40.52,48.47,74.64,-0.137,0.497,0,-0.021,1.465,1,1,cat4,high,3,2.166,8.722,3,10.0138,0.856,NA,2020-01-02,5,5,3,5,1,1,NA,5,5,5,4,4
3,S1,B,control,F,40,54437.41,3,5,44.15,53.07,61.76,54.61,-1.277,-1.442,0,-0.561,-1.104,0,3,cat3,low,2,0.546,9.05,3,10.0149,-0.135,NA,2020-01-03,4,4,2,4,3,3,3,3,2,3,4,1
4,S1,B,treatment,F,37,56375.53,1,6,52.37,55.98,56.19,65.19,-0.901,-0.208,1,-1.26,-0.858,0,6,cat4,high,3,0.233,11.452,3,10.003,NA,NA,2020-01-04,5,5,1,5,2,4,2,3,1,1,3,1
5,S1,C,control,M,47,81723.22,3,3,53.23,50.36,58.46,81.45,1.8,0.795,0,2.236,1.632,1,4,cat2,high,4,3.537,8.889,3,10.0087,0.226,NA,2020-01-05,3,3,5,4,2,3,NA,2,5,4,3,3
6,S2,C,control,M,33,57803.75,2,5,54.75,61.28,68.71,74.81,1.074,-1.19,0,0.08,0.371,1,4,cat1,high,2,1.143,13.201,3,10.006,0.196,NA,2020-01-06,3,5,2,4,4,5,NA,2,2,1,1,1
7,S1,A,treatment,O,35,48195.13,3,5,47.91,57.01,68.51,47.84,0.65,-0.854,1,1.245,1.968,0,4,cat6,low,2,4.11,10.926,3,9.9927,-1.031,NA,2020-01-07,2,2,3,2,4,2,2,2,4,2,3,4
8,S1,A,treatment,F,49,66597.12,3,3,56.0,66.03,71.26,59.88,0.164,-1.208,1,-1.47,-0.304,1,13,cat2,med,2,2.476,9.629,3,9.9933,-0.775,NA,2020-01-08,1,2,5,2,4,5,5,1,4,3,3,3
9,S1,A,treatment,O,36,42029.33,3,NA,47.93,53.73,55.91,63.0,0.021,-0.897,1,-0.633,1.557,1,2,cat1,med,2,0.158,11.395,3,9.9937,-0.332,NA,2020-01-09,2,3,4,4,2,2,1,3,4,4,5,5
10,S1,C,treatment,F,46,70802.2,1,NA,53.82,61.84,74.8,74.77,0.006,-0.112,1,-1.361,-0.325,1,0,cat6,high,3,2.317,7.905,3,9.9975,NA,NA,2020-01-10,3,3,3,3,2,3,NA,2,2,3,4,3
11,S2,B,treatment,F,36,61124.34,2,5,52.21,53.29,62.91,62.54,1.155,0.06,1,-0.749,0.308,1,6,cat1,med,3,0.756,13.174,3,9.9947,-0.488,NA,2020-01-11,1,4,4,3,1,2,3,5,1,3,2,1
12,S2,C,NA,M,36,70948.95,3,4,44.97,53.72,60.46,66.34,0.807,0.916,1,-0.149,0.136,0,0,cat5,high,4,7.079,6.011,3,9.9955,-1.63,NA,2020-01-12,1,1,5,1,5,4,3,2,4,3,3,5
13,S3,A,treatment,M,22,32536.39,3,4,51.8,56.55,61.04,51.68,-1.117,-1.941,1,-1.715,-1.593,0,0,cat4,low,1,6.031,10.272,3,10.0034,NA,NA,2020-01-13,3,2,3,4,2,1,4,3,3,3,1,1
14,S1,C,treatment,M,32,65523.74,2,4,45.7,54.62,61.14,70.95,0.124,1.941,1,2.075,0.8,1,4,cat1,high,5,0.128,10.643,3,10.0205,0.177,NA,2020-01-14,3,3,4,4,4,2,2,2,3,5,3,5
15,S2,B,control,F,46,52009.31,4,5,43.03,41.82,50.28,58.49,-1.913,-0.746,0,-1.509,-1.348,0,1,cat4,med,2,0.85,6.461,3,10.0033,-0.284,NA,2020-01-15,5,5,1,5,5,4,4,1,1,3,4,1
16,S2,A,treatment,M,24,50839.34,1,3,42.46,40.46,46.31,60.7,0.251,-0.965,1,0.343,-0.502,1,1,cat4,med,2,0.64,9.945,3,9.9946,NA,NA,2020-01-16,1,1,4,1,4,3,1,4,1,1,1,2
17,S1,A,control,O,47,69249.54,3,4,63.15,70.02,74.76,52.97,1.828,0.536,0,0.016,0.6,0,0,cat3,low,3,0.159,8.392,3,10.0072,NA,NA,2020-01-17,3,4,1,3,1,2,1,5,2,3,1,4
18,S1,A,control,F,41,58926.87,1,2,52.53,55.99,61.91,66.25,0.608,0.396,0,0.667,-0.842,1,1,cat6,high,3,0.595,9.782,3,10.0029,0.574,NA,2020-01-18,5,3,1,3,1,2,1,5,2,4,4,2
19,S2,B,treatment,M,52,85528.96,2,6,47.37,48.77,56.82,59.44,1.0,-1.138,1,0.317,-0.255,0,0,cat1,med,2,0.678,11.41,3,10.0189,1.339,NA,2020-01-19,3,5,3,4,5,4,4,3,3,2,1,3
20,S2,A,treatment,M,49,61823.17,2,5,55.1,60.73,68.98,50.11,0.432,-0.856,1,-1.187,0.702,1,0,cat1,low,2,1.056,8.133,3,9.9961,-0.59,NA,2020-01-20,4,3,3,4,2,4,1,3,4,3,3,4
21,S1,B,treatment,M,35,NA,2,4,47.04,54.22,64.66,55.54,-0.408,0.143,1,-1.911,-2.083,1,5,cat1,med,3,0.829,9.473,3,9.9963,-1.23,NA,2020-01-21,3,4,5,3,2,2,2,5,3,2,2,3
22,S2,A,control,F,54,67406.71,3,4,64.2,65.26,66.26,53.45,1.245,1.209,0,1.484,2.414,0,4,cat5,low,4,2.331,8.679,3,10.004,1.509,NA,2020-01-22,3,4,3,3,3,4,2,4,2,2,1,1
23,S2,A,treatment,M,24,60298.57,3,5,52.18,57.31,64.86,54.11,0.516,1.192,1,2.931,1.554,0,0,cat1,low,4,0.294,8.3,3,10.0021,0.497,NA,2020-01-23,5,5,1,5,5,5,5,2,5,5,5,5
24,S1,B,treatment,F,53,76744.22,4,3,48.49,54.8,63.11,77.94,0.205,-1.409,1,-1.254,-0.504,0,0,cat5,high,2,0.077,11.075,3,10.0017,-0.498,NA,2020-01-24,5,4,1,3,4,3,3,3,5,4,5,4
25,S1,C,NA,M,51,71968.44,2,4,55.74,62.18,66.07,58.76,0.204,-0.386,1,0.3,-0.158,1,0,cat3,med,3,1.111,11.658,3,10.0019,NA,NA,2020-01-25,3,5,2,5,2,3,NA,4,4,2,4,4
26,S1,A,control,F,42,64336.16,3,4,58.24,64.86,70.2,57.07,1.234,2.666,0,1.354,-0.417,0,1,cat5,med,5,0.641,7.649,3,9.997,NA,NA,2020-01-26,2,3,2,4,1,2,2,5,3,5,4,4
27,S2,C,treatment,O,27,50389.68,2,3,53.16,67.13,69.77,75.23,-0.264,2.958,1,1.374,1.149,0,1,cat6,high,5,0.374,11.782,3,10.0069,NA,NA,2020-01-27,5,5,1,4,4,2,4,4,1,3,3,2
28,S1,A,control,F,32,53410.46,4,4,61.63,61.04,71.55,66.04,0.603,0.151,0,-1.604,0.006,1,3,cat1,high,3,0.35,9.777,3,10.014,1.344,NA,2020-01-28,3,5,3,4,2,3,4,5,4,2,3,2
29,S3,A,control,M,42,64425.32,2,NA,44.28,51.44,60.49,62.68,-1.441,-1.53,0,-0.657,0.226,0,0,NA,med,2,3.125,12.525,3,9.9911,NA,NA,2020-01-29,3,2,2,3,1,2,1,5,5,4,5,5
30,S1,B,control,F,NA,58078.31,2,4,44.64,37.31,44.1,63.38,0.121,0.703,0,0.147,1.25,0,3,cat6,med,4,0.615,9.981,3,10.0058,NA,NA,2020-01-30,4,5,3,5,1,1,2,5,4,4,3,4
31,S2,C,treatment,M,44,68260.48,4,6,51.88,61.56,65.99,75.47,0.434,-0.266,1,1.501,0.526,0,15,cat4,high,3,6.292,9.284,3,9.9782,-0.811,NA,2020-01-31,2,2,5,1,1,2,NA,4,1,2,2,1
32,S1,C,treatment,M,27,51488.31,3,5,54.64,59.84,61.52,75.17,0.519,1.325,1,-0.13,3.007,1,1,cat6,high,4,0.391,9.84,3,10.0118,-1.149,NA,2020-02-01,4,4,2,4,2,2,NA,3,5,5,4,5
33,S1,A,treatment,M,35,54949.01,3,5,45.07,52.11,54.18,70.84,0.274,0.049,1,0.784,-0.062,1,3,cat3,high,3,1.015,11.043,3,10.013,NA,NA,2020-02-02,5,4,1,5,4,4,4,2,3,2,2,5
34,S3,B,control,M,40,63901.42,3,5,49.46,58.89,58.58,60.42,0.022,-1.385,0,-0.887,-3.222,1,1,cat4,med,2,2.581,7.125,3,10.0148,-1.499,NA,2020-02-03,3,3,2,2,2,3,1,3,3,2,3,3
35,S2,B,treatment,M,22,46309.15,2,3,44.31,52.39,67.02,63.09,-0.838,0.452,1,0.047,0.033,0,0,cat4,med,3,1.224,10.415,3,9.9816,-0.773,NA,2020-02-04,2,2,2,2,5,3,3,3,2,3,2,3
36,S2,A,treatment,M,38,59447.98,1,4,45.36,50.63,62.0,50.84,-0.709,-2.037,1,-3.37,-1.324,0,3,cat3,low,1,3.064,9.339,3,9.9907,-1.603,NA,2020-02-05,4,1,3,3,1,1,1,5,5,5,5,4
37,S2,A,control,F,26,46371.78,4,3,NA,NA,NA,69.08,1.872,-0.142,0,1.576,0.866,1,5,cat1,high,3,1.678,10.578,3,10.0289,0.693,NA,2020-02-06,2,3,5,1,3,1,2,3,3,4,2,3
38,S1,C,control,F,44,NA,3,4,34.39,39.52,46.28,70.45,-2.44,-1.451,0,-1.73,NA,0,6,cat2,high,2,4.291,12.287,3,9.9952,-1.236,NA,2020-02-07,1,2,5,1,3,2,1,3,2,2,3,2
39,S1,A,treatment,F,55,68230.82,3,5,50.52,51.96,59.4,70.17,0.664,0.891,1,1.753,2.737,1,5,cat4,high,4,0.686,12.054,3,9.9925,0.071,NA,2020-02-08,4,5,2,5,5,4,4,2,1,1,1,1
40,S1,C,treatment,F,26,57580.66,1,NA,47.66,54.9,64.45,63.18,-0.159,-0.495,1,-0.983,-0.215,1,0,cat5,med,3,0.816,8.308,3,9.9975,1.115,NA,2020-02-09,4,4,1,4,1,1,NA,5,4,4,5,4
41,S1,B,treatment,F,40,77907.14,1,1,61.96,62.09,68.82,61.94,1.263,-0.494,1,0.625,1.979,1,5,cat4,med,3,0.617,10.494,3,10.0143,-0.367,NA,2020-02-10,3,2,3,2,1,1,1,5,3,2,2,3
42,S2,A,control,M,31,60275.51,2,6,40.9,45.67,51.88,62.5,-1.517,-0.341,0,-0.593,1.071,0,1,cat2,med,3,1.33,10.674,3,9.9904,NA,NA,2020-02-11,5,5,1,5,1,1,1,5,1,2,1,1
43,S1,C,treatment,M,NA,51679.64,4,2,40.73,50.5,49.71,70.48,-0.447,0.115,1,1.183,NA,0,0,cat4,high,3,0.612,6.153,3,9.99,0.802,NA,2020-02-12,2,1,3,2,5,5,5,1,4,3,3,5
44,S1,B,treatment,M,44,66644.67,2,6,55.71,61.43,71.69,68.11,-0.18,-1.057,1,-0.567,0.479,1,0,cat5,high,2,0.53,10.162,3,10.0013,-1.568,NA,2020-02-13,4,4,3,4,5,5,4,1,5,5,5,5
45,S3,C,control,F,24,42750.96,3,5,67.55,67.15,72.02,78.31,2.836,2.109,0,2.491,2.751,1,7,cat2,high,5,2.929,8.857,3,10.0008,1.108,NA,2020-02-14,1,1,5,3,1,1,NA,5,4,3,4,3
46,S1,C,treatment,F,56,66954.94,5,4,50.93,54.67,58.8,70.66,1.747,1.558,1,2.212,2.432,1,0,cat2,high,4,3.386,7.527,3,9.9968,1.715,NA,2020-02-15,3,3,2,3,1,1,NA,4,3,5,3,4
47,S3,C,control,F,51,65322.63,2,3,39.75,42.3,46.49,73.22,-0.571,-1.203,0,-1.049,-0.234,0,5,cat5,high,2,0.735,11.555,3,10.0077,-2.544,NA,2020-02-16,4,5,1,3,1,1,1,5,5,4,4,5
48,S1,B,control,F,29,44947.92,3,5,64.57,59.51,65.93,63.0,1.41,0.435,0,-0.798,-0.79,1,1,NA,med,3,1.342,8.678,3,9.983,NA,NA,2020-02-17,1,2,3,2,5,4,4,2,5,5,5,5
49,S2,A,treatment,M,41,49996.18,2,2,54.6,57.72,70.76,62.46,0.55,1.94,1,0.644,1.078,1,0,cat3,med,5,4.654,10.866,3,9.9929,-1.671,NA,2020-02-18,2,2,1,2,3,2,2,4,3,4,4,4
50,S2,B,treatment,F,50,NA,3,4,51.62,55.8,64.96,64.83,-0.354,-0.217,1,0.313,0.045,1,1,cat5,med,3,2.048,999,3,9.9961,-0.211,NA,2020-02-19,4,5,3,4,2,4,4,2,4,5,3,2
51,S3,A,treatment,F,41,61253.09,2,5,54.85,58.69,68.9,68.04,-0.217,0.61,1,2.062,1.643,1,1,cat6,high,3,0.271,9.32,3,9.9942,0.188,NA,2020-02-20,3,2,3,3,4,3,1,3,4,2,2,3
52,S3,A,treatment,M,NA,74180.57,3,NA,49.41,54.5,57.44,57.35,0.068,1.051,1,2.84,0.72,0,0,cat6,med,4,0.408,10.755,3,10.006,-0.625,NA,2020-02-21,3,2,4,3,2,3,2,4,1,3,2,2
53,S2,B,control,M,30,57193.93,2,3,50.26,48.27,41.65,65.62,0.116,-0.284,0,0.866,1.885,0,2,cat1,high,3,1.467,9.538,3,10.0134,NA,NA,2020-02-22,4,3,4,2,1,2,1,2,NA,NA,NA,NA
54,S1,B,control,F,27,54827.2,3,5,53.63,56.32,63.93,66.94,0.305,-0.434,0,-0.411,NA,0,2,cat1,high,3,7.616,7.091,3,9.9817,0.615,NA,2020-02-23,2,2,4,3,1,1,2,5,1,2,1,1
55,S2,A,treatment,M,42,65747.52,2,NA,51.69,56.97,62.44,58.97,0.718,0.178,1,0.844,0.682,0,5,cat3,med,3,1.503,10.684,3,10.0232,-0.188,NA,2020-02-24,4,3,2,3,4,4,5,3,4,2,5,3
56,S1,A,treatment,M,NA,61214.73,1,NA,41.88,41.93,44.9,56.08,-1.398,-2.19,1,-2.982,-3.95,0,2,cat6,med,1,0.259,7.887,3,9.9923,NA,NA,2020-02-25,3,4,3,2,4,5,4,3,4,5,5,4
57,S1,A,treatment,M,28,59945.63,2,2,65.08,75.91,84.6,58.13,1.024,-0.859,1,-1.659,NA,1,2,cat3,med,2,0.381,8.358,3,9.9962,0.193,NA,2020-02-26,5,1,4,2,3,3,3,3,1,1,1,1
58,S3,C,control,O,19,42820.27,2,3,55.12,55.32,67.37,67.88,0.084,0.032,0,1.43,1.168,0,1,cat3,high,3,1.074,10.81,3,9.9995,0.821,NA,2020-02-27,1,3,4,3,4,2,NA,4,2,1,2,2
59,S1,B,treatment,F,36,54377.44,2,4,60.51,60.19,66.27,67.37,1.168,0.251,1,1.725,1.064,1,4,cat4,high,3,6.641,9.688,3,9.9997,NA,NA,2020-02-28,4,3,2,5,4,2,3,3,5,4,4,4
60,S3,B,control,M,33,45713.76,1,3,29.67,34.59,40.28,67.59,-1.718,0.568,0,0.42,-0.834,0,0,cat2,high,3,0.447,11.869,3,10.0081,NA,NA,2020-02-29,4,5,2,2,1,1,1,3,4,4,5,5
61,S3,C,treatment,M,28,41879.79,2,4,61.3,66.72,69.72,72.91,1.105,0.139,1,0.517,-0.617,1,5,cat3,high,3,1.851,12.042,3,9.9928,1.124,NA,2020-03-01,1,2,2,3,4,3,NA,3,1,2,3,2
62,S2,C,control,F,NA,48623.31,1,4,41.29,43.18,51.27,68.97,-0.821,-2.633,0,-1.778,NA,0,1,cat3,high,1,1.536,8.271,3,9.9963,1.22,NA,2020-03-02,3,1,3,1,1,1,NA,5,1,1,1,1
63,S1,A,control,F,34,64876.27,1,3,54.11,54.01,55.81,59.21,0.021,0.7,0,0.746,0.27,1,4,cat2,med,4,1.2,11.046,3,10.0047,-0.158,NA,2020-03-03,4,5,1,5,2,2,2,3,5,4,5,4
64,S1,C,control,F,42,62225.99,3,5,35.03,45.39,49.75,66.36,-2.161,-0.847,0,-1.566,-1.517,0,0,cat2,high,2,7.948,9.685,3,9.9879,2.424,NA,2020-03-04,4,3,1,5,4,3,3,1,4,2,2,4
65,S2,B,treatment,M,44,67021.53,2,4,53.05,53.72,57.57,69.44,1.249,1.193,1,2.957,0.194,0,0,cat5,high,4,0.063,11.211,3,9.9965,0.039,NA,2020-03-05,2,2,2,2,4,4,4,2,5,5,4,5
66,S1,C,treatment,M,22,36385.37,2,4,55.76,68.43,66.46,69.62,0.409,-0.878,1,0.423,1.618,0,2,cat6,high,2,0.428,6.716,3,9.9864,0.145,NA,2020-03-06,1,2,5,2,3,2,NA,4,2,1,3,4
67,S3,A,control,M,38,NA,3,4,57.82,56.99,56.17,70.99,0.609,-1.002,0,1.012,2.076,1,18,cat5,high,2,11.862,15.921,3,10.0087,NA,NA,2020-03-07,1,1,4,1,4,4,5,1,2,1,2,2
68,S1,A,control,M,18,14577.2,2,5,55.29,56.05,62.91,55.89,-0.457,1.751,0,2.263,2.787,0,0,cat5,med,4,0.07,8.361,3,9.9878,-0.27,NA,2020-03-08,2,3,1,5,1,1,3,3,2,2,3,2
69,S1,B,control,M,18,32356.6,2,4,45.15,47.01,48.54,59.93,-1.13,2.732,0,1.002,1.422,0,0,cat5,med,5,0.293,7.704,3,9.9883,NA,NA,2020-03-09,2,1,5,1,1,1,1,3,4,5,2,3
70,S2,C,control,F,36,45192.25,2,4,48.16,50.26,52.53,69.43,0.309,1.845,0,0.84,1.095,0,2,cat2,high,4,0.23,8.817,3,10.0264,-0.303,NA,2020-03-10,3,2,4,2,2,2,2,3,4,4,4,1
71,S2,A,control,M,NA,54059.87,3,7,45.33,47.67,46.26,60.69,0.072,-0.685,0,-0.356,0.039,0,0,cat5,med,2,1.068,9.665,3,10.0016,-1.005,NA,2020-03-11,4,3,1,4,4,5,3,3,4,3,2,4
72,S1,C,control,F,36,67997.07,1,NA,49.36,42.51,46.29,74.58,0.516,-1.583,0,-1.393,-1.094,0,4,cat1,high,2,0.44,9.85,3,10.0181,-0.049,NA,2020-03-12,2,2,4,1,1,3,NA,3,1,1,2,2
73,S1,C,treatment,F,44,61414.97,3,6,47.99,51.0,63.09,69.24,0.538,0.43,1,0.274,0.189,1,1,cat1,high,3,1.647,5.599,3,9.9978,NA,NA,2020-03-13,4,5,1,5,5,5,4,1,5,2,4,4
74,S1,C,treatment,M,22,50460.32,2,5,NA,NA,NA,69.62,-1.348,-0.696,1,-0.508,-0.391,1,0,cat1,high,2,2.343,8.716,3,10.0044,NA,NA,2020-03-14,4,2,2,3,2,3,NA,5,3,4,3,3
75,S2,C,control,F,26,37681.03,3,NA,44.36,50.89,53.99,77.9,-0.12,-1.424,0,0.676,-0.08,0,3,cat1,high,2,0.997,12.546,3,10.0053,1.039,NA,2020-03-15,1,2,5,2,2,4,1,4,1,1,1,1
76,S1,A,control,M,38,67993.99,2,3,36.14,38.4,39.97,49.3,-1.125,-0.735,0,-0.844,-1.025,1,0,cat3,low,2,1.253,11.925,3,10.0067,NA,NA,2020-03-16,2,3,4,1,2,1,2,4,4,2,3,4
77,S1,A,control,F,51,77878.84,3,4,56.13,58.18,63.55,62.14,1.208,-0.757,0,1.949,2.265,0,2,cat4,med,2,1.434,6.667,3,10.0082,1.09,NA,2020-03-17,3,2,5,2,1,1,1,3,2,4,3,3
78,S2,C,control,O,37,69815.1,2,5,62.47,72.03,74.75,62.31,1.095,0.963,0,2.864,1.983,1,7,cat5,med,4,6.437,6.753,3,9.9865,NA,NA,2020-03-18,4,2,4,3,4,4,NA,1,2,1,1,2
79,S2,A,treatment,O,29,49561.79,2,4,60.32,58.46,63.88,52.49,1.249,2.022,1,1.797,3.816,0,0,cat2,low,5,3.573,8.818,3,9.9794,NA,NA,2020-03-19,5,3,1,5,5,5,3,2,5,4,5,3
80,S1,B,control,F,42,64370.74,4,5,51.53,55.64,66.81,68.07,0.42,-0.588,0,0.325,1.97,0,1,cat6,high,3,1.933,7.476,3,10.0076,1.294,NA,2020-03-20,1,3,4,1,1,1,1,5,2,2,1,3
81,S1,B,control,M,41,73819.24,3,4,62.88,66.75,72.09,56.69,0.54,-0.573,0,-0.125,-0.619,0,2,cat1,med,3,2.658,10.261,3,10.0054,NA,NA,2020-03-21,3,1,3,2,4,5,2,4,4,2,5,3
82,S1,A,treatment,M,37,65695.67,3,5,42.29,48.58,63.41,51.75,0.209,-1.311,1,-1.126,NA,1,0,cat3,low,2,0.275,10.184,3,10.0036,NA,NA,2020-03-22,4,2,3,4,2,3,2,4,5,4,5,3
83,S2,B,control,F,52,66472.08,3,3,41.32,46.51,54.84,61.5,-0.943,0.157,0,0.524,-1.088,0,0,cat2,med,3,0.673,9.148,3,9.9954,NA,NA,2020-03-23,4,4,1,5,5,4,3,2,4,4,5,4
84,S3,C,treatment,M,30,60769.23,1,NA,53.78,58.04,58.98,59.15,-0.755,-0.296,1,0.089,NA,0,1,cat1,med,3,0.552,11.811,3,9.9929,-0.698,NA,2020-03-24,2,1,4,4,3,5,4,5,3,4,4,3
85,S2,A,treatment,M,35,64947.25,2,3,61.89,71.95,82.4,58.21,0.996,3.079,1,0.005,1.962,1,0,cat2,med,5,0.343,11.174,3,9.9969,2.0,NA,2020-03-25,3,2,5,2,2,3,4,2,2,1,1,2
86,S1,C,control,F,30,61620.57,1,4,53.26,59.96,52.35,79.87,-0.467,-0.257,0,0.238,-0.032,0,8,cat2,high,3,1.813,9.151,3,9.9962,0.847,NA,2020-03-26,3,3,4,3,2,4,NA,3,4,2,4,4
87,S2,B,control,F,37,76497.85,3,3,48.77,59.45,65.01,60.59,-0.997,-0.839,0,-1.196,-0.217,1,2,cat5,med,2,0.689,9.267,3,9.9888,0.114,NA,2020-03-27,4,3,2,4,4,4,3,2,2,1,3,2
88,S1,A,NA,F,46,70211.83,2,4,50.85,54.32,56.0,59.88,1.06,0.396,0,1.29,0.97,0,0,NA,med,3,0.178,6.261,3,9.986,NA,NA,2020-03-28,4,3,3,1,1,1,1,5,3,4,4,3
89,S2,B,treatment,M,37,57402.79,3,4,47.38,55.11,58.69,71.69,0.784,2.963,1,2.094,2.35,1,5,cat1,high,5,4.5,8.85,3,10.0146,0.251,NA,2020-03-29,3,4,2,3,3,2,3,3,5,4,5,5
90,S1,A,treatment,F,28,49496.57,3,3,45.84,50.66,60.07,69.04,-0.597,-0.79,1,-1.511,-1.987,0,9,cat1,high,2,0.284,10.199,3,9.9847,0.702,NA,2020-03-30,1,2,5,3,5,4,5,1,5,5,5,5
91,S2,A,treatment,M,20,50137.19,3,2,56.28,66.04,77.18,58.92,0.957,0.775,1,1.9,0.645,1,1,cat4,med,4,3.019,10.932,3,9.9898,-0.073,NA,2020-03-31,1,1,5,2,3,2,2,2,2,4,4,2
92,S2,A,NA,M,35,52779.21,4,NA,57.45,66.23,65.8,62.59,1.467,1.35,0,0.156,-0.295,1,10,cat4,med,4,0.559,7.836,3,10.0014,NA,NA,2020-04-01,2,2,5,2,4,4,3,2,5,3,4,3
93,S1,B,treatment,F,35,42118.82,3,5,54.02,64.72,82.09,66.41,0.628,1.772,1,0.824,0.105,0,0,cat2,high,4,1.976,11.836,3,10.0138,NA,NA,2020-04-02,3,1,4,3,2,4,3,2,4,5,5,5
94,S1,B,treatment,M,41,74932.64,3,5,52.29,60.34,64.65,60.52,-0.246,0.932,1,1.348,0.282,1,3,cat2,med,4,0.079,10.43,3,9.9934,-1.277,NA,2020-04-03,3,5,1,5,5,5,5,2,5,5,5,4
95,S2,C,treatment,F,56,59629.18,3,4,54.17,51.82,56.4,82.8,1.028,1.058,1,0.871,1.252,1,0,cat6,high,4,2.576,8.615,3,9.9833,1.952,NA,2020-04-04,4,5,1,5,3,3,2,3,2,2,4,5
96,S1,B,control,M,37,63302.95,2,3,48.93,46.97,50.11,65.31,0.109,-1.6,0,0.986,-0.707,1,0,cat2,high,2,0.409,12.218,3,10.0037,1.2,NA,2020-04-05,5,2,2,4,1,1,1,3,1,1,1,1
97,S1,A,control,M,43,61236.41,4,2,47.46,47.44,52.07,58.07,0.218,-1.522,0,-2.078,-1.83,0,17,NA,med,2,2.692,11.455,3,10.0167,-0.789,NA,2020-04-06,4,5,5,5,3,4,2,2,2,1,2,1
98,S2,A,treatment,F,NA,49124.99,2,NA,48.38,54.49,58.6,55.84,-0.388,-0.281,1,-1.51,-0.602,0,2,NA,med,3,3.175,10.719,3,10.0072,-0.0,NA,2020-04-07,4,2,1,5,4,5,4,2,4,4,4,5
99,S2,C,control,F,36,56048.21,3,4,55.1,64.87,64.43,85.36,0.699,1.152,0,0.346,1.73,0,0,cat6,high,4,3.309,11.806,3,9.997,NA,NA,2020-04-08,2,2,4,2,3,2,NA,3,3,3,5,4
100,S2,A,treatment,F,37,57724.75,1,5,63.34,66.78,66.91,57.73,1.256,-1.235,1,0.52,1.742,1,5,cat3,med,2,5.179,999,3,9.9873,-0.674,NA,2020-04-09,5,4,2,3,1,1,2,5,4,5,4,3
101,S1,C,control,F,35,63875.49,4,5,58.68,60.12,69.63,74.71,1.078,0.813,0,0.607,1.743,0,0,cat1,high,4,0.227,10.125,3,9.9822,-0.295,NA,2020-04-10,1,3,2,1,4,5,5,1,5,4,5,4
102,S1,A,control,F,38,56711.64,2,3,37.17,30.86,35.21,54.05,-0.944,0.646,0,-3.263,-2.973,1,0,cat1,low,4,5.643,9.408,3,9.9742,-1.96,NA,2020-04-11,5,5,1,5,1,1,1,5,1,2,3,5
103,S3,B,treatment,F,30,49868.87,3,4,52.09,56.35,58.03,58.89,0.893,0.709,1,-0.604,-1.323,1,1,cat4,med,4,3.711,11.283,3,9.9931,0.653,NA,2020-04-12,2,3,3,2,3,2,1,5,4,5,4,5
104,S2,B,control,F,26,38694.92,3,5,50.11,60.9,64.44,48.96,-0.461,0.896,0,-0.432,-1.362,0,1,cat2,low,4,5.361,9.706,3,10.0012,NA,NA,2020-04-13,1,1,5,1,2,1,4,4,3,3,3,4
105,S1,C,control,F,27,47243.29,2,4,44.28,51.25,52.48,58.17,-0.597,0.712,0,2.117,-0.075,0,4,cat4,med,4,2.656,13.009,3,10.004,-1.144,NA,2020-04-14,3,1,5,2,3,1,NA,4,3,1,4,4
106,S3,C,treatment,M,18,36381.57,2,4,38.39,47.26,58.98,79.42,-1.195,0.151,1,-1.372,0.135,1,0,cat5,high,3,2.489,8.573,3,9.9909,0.328,NA,2020-04-15,2,2,3,3,2,3,NA,3,NA,NA,NA,NA
107,S3,B,treatment,M,18,49651.13,2,6,55.25,63.62,62.88,72.1,0.517,-0.873,1,0.958,0.901,0,9,cat6,high,2,0.134,14.262,3,10.0018,-0.205,NA,2020-04-16,4,4,3,2,2,2,1,4,3,3,3,4
108,S3,B,control,M,24,70218.9,1,7,44.65,41.44,45.27,66.9,-0.802,1.082,0,-0.953,-0.74,0,0,cat5,high,4,3.827,8.684,3,9.9933,-1.597,NA,2020-04-17,5,2,1,4,5,5,5,1,4,4,3,2
109,S1,A,treatment,M,32,50799.91,3,4,43.05,47.32,54.44,65.19,0.116,1.055,1,-0.496,1.04,1,2,cat2,high,4,1.645,14.112,3,9.9964,-0.033,NA,2020-04-18,4,2,2,4,1,1,1,5,2,2,4,1
110,S2,C,control,M,48,71656.6,4,4,48.35,49.18,59.75,79.16,-0.081,-0.945,0,-0.312,-2.427,1,5,cat6,high,2,2.098,13.458,3,10.0093,NA,NA,2020-04-19,1,3,3,1,3,1,NA,2,4,3,2,4
111,S1,C,control,F,54,69529.36,3,6,NA,NA,NA,70.98,0.378,0.301,0,1.624,0.912,1,0,cat3,high,3,2.472,9.681,3,10.0066,-0.96,NA,2020-04-20,5,5,1,5,5,4,5,1,2,4,3,4
112,S3,B,control,M,65,74032.32,4,5,43.28,38.8,39.48,65.95,-0.561,-0.295,0,0.057,0.638,0,3,cat2,high,3,1.695,11.36,3,10.0007,NA,NA,2020-04-21,2,2,2,2,5,4,5,2,2,2,2,2
113,S1,B,treatment,F,31,50099.98,2,3,46.61,61.73,77.21,62.67,-1.966,-1.361,1,-0.689,-0.72,1,2,cat6,med,2,2.757,12.578,3,9.9789,0.796,NA,2020-04-22,1,3,5,2,2,1,3,4,2,2,2,1
114,S1,C,treatment,F,38,51563.06,2,4,56.13,51.62,57.96,56.65,1.437,1.645,1,2.275,3.936,1,0,cat5,med,4,1.196,8.983,3,9.9913,0.658,NA,2020-04-23,3,4,3,2,1,1,3,3,2,2,3,2
115,S2,C,treatment,M,51,NA,2,3,46.52,53.38,58.93,68.09,-1.101,1.831,1,0.475,0.259,0,2,cat1,high,4,0.551,9.134,3,10.0154,1.029,NA,2020-04-24,1,2,3,2,1,1,1,5,1,1,1,1
116,S1,A,control,F,23,48507.4,3,4,46.72,49.43,50.79,50.67,-0.865,0.03,0,-0.18,-1.2,1,6,cat1,low,3,0.325,10.888,3,9.9979,0.046,NA,2020-04-25,4,5,1,5,5,5,5,1,1,1,2,2
117,S3,A,treatment,M,27,50243.16,2,3,47.5,53.42,66.16,58.65,0.247,-0.016,1,0.938,-0.512,1,1,cat1,med,3,0.264,12.012,3,10.0124,0.467,NA,2020-04-26,1,1,5,1,1,1,2,5,1,3,2,3
118,S2,C,control,M,NA,50436.92,5,3,49.68,53.59,58.74,58.58,-0.257,-0.855,0,0.27,-1.406,0,4,cat3,med,2,1.698,9.913,3,10.0001,NA,NA,2020-04-27,1,1,5,1,1,1,NA,5,2,4,5,4
119,S1,A,treatment,F,18,33337.08,2,NA,55.03,57.31,69.73,64.05,1.989,0.97,1,0.677,1.426,1,9,cat2,med,4,3.804,9.283,3,9.9793,0.675,NA,2020-04-28,1,1,5,2,5,3,2,2,4,3,3,3
120,S2,B,control,F,46,NA,4,2,57.9,61.63,60.46,58.37,1.007,-1.877,0,0.635,0.483,1,5,cat1,med,1,0.528,10.423,3,9.9931,0.499,NA,2020-04-29,1,1,3,1,1,1,1,5,3,2,3,2
121,S3,B,control,F,33,59918.43,2,3,38.26,42.87,46.98,64.93,-0.554,0.843,0,0.615,1.471,1,3,cat5,med,4,1.971,9.159,3,9.9758,-1.614,NA,2020-04-30,4,3,1,2,5,5,5,1,1,2,1,1
122,S1,A,treatment,M,36,NA,4,3,48.4,57.06,63.56,66.66,-0.053,-0.937,1,-1.871,-1.626,1,0,cat3,high,2,0.621,6.746,3,10.0248,1.608,NA,2020-05-01,4,2,4,2,4,5,4,4,5,3,4,5
123,S1,B,treatment,F,41,62464.94,3,5,51.98,56.88,64.8,62.88,0.342,0.704,1,2.022,NA,1,0,cat1,med,4,0.354,10.574,3,9.987,NA,NA,2020-05-02,5,5,1,4,1,2,2,4,4,5,4,4
124,S2,C,control,M,26,60911.95,2,4,49.0,45.23,51.33,74.69,0.196,0.066,0,-0.245,-0.707,1,1,cat4,high,3,2.075,9.817,3,10.0089,NA,NA,2020-05-03,4,4,1,5,1,1,NA,5,1,4,2,2
125,S1,A,control,M,NA,57194.14,2,5,56.55,58.85,59.68,60.87,-0.328,0.297,0,-0.123,0.017,0,3,cat1,med,3,0.857,7.944,3,9.9944,-0.633,NA,2020-05-04,4,5,2,3,1,1,1,4,2,5,3,4
126,S1,B,treatment,M,27,39669.54,1,5,50.02,46.77,50.61,57.1,0.453,-0.949,1,1.687,1.271,1,0,cat6,med,2,4.827,9.38,3,9.9893,0.98,NA,2020-05-05,5,5,1,4,4,3,3,3,5,5,5,5
127,S3,C,treatment,M,45,69311.08,2,3,65.57,72.63,77.26,77.37,2.255,1.253,1,1.485,0.468,0,0,cat3,high,4,3.595,5.741,3,10.0049,NA,NA,2020-05-06,1,1,3,3,1,3,NA,5,4,4,5,4
128,S2,B,treatment,M,59,76862.33,4,3,58.46,62.1,63.63,56.85,0.196,-1.78,1,-1.056,NA,1,1,cat3,med,2,0.11,9.364,3,10.0131,NA,NA,2020-05-07,2,2,4,3,3,1,1,4,2,2,2,1
129,S3,A,treatment,F,43,55227.64,5,3,50.06,51.44,53.57,66.35,-0.509,-0.384,1,-0.406,0.586,0,0,cat1,high,3,1.166,11.451,3,10.0151,NA,NA,2020-05-08,2,4,2,5,5,4,4,2,5,2,5,4
130,S1,B,control,M,34,53871.5,3,5,48.47,52.86,58.16,68.76,-0.201,0.954,0,1.033,1.401,0,5,cat1,high,4,3.079,8.02,3,10.0106,-0.675,NA,2020-05-09,3,4,2,3,4,5,4,3,2,3,3,2
131,S3,B,control,M,53,73996.5,4,NA,60.86,60.68,71.81,64.19,0.711,0.368,0,-0.852,-0.371,0,0,cat4,med,3,1.031,14.0,3,9.9826,-0.885,NA,2020-05-10,5,5,1,4,2,1,3,2,3,4,5,5
132,S1,A,control,M,40,54871.79,2,4,46.22,43.8,51.06,59.62,0.964,1.317,0,0.303,NA,0,1,cat1,med,4,0.405,5.968,3,10.0035,-1.392,NA,2020-05-11,1,1,2,3,2,2,4,2,3,4,4,2
133,S3,B,NA,F,35,64667.43,4,4,52.08,55.48,58.28,60.09,-0.626,-0.191,1,0.673,NA,1,1,NA,med,3,0.564,11.003,3,9.9821,NA,NA,2020-05-12,2,2,4,2,3,2,4,3,3,4,4,4
134,S3,C,control,F,18,46979.17,2,NA,43.66,51.89,63.28,62.37,-0.245,0.037,0,1.009,-0.879,1,2,cat1,med,3,1.798,8.322,3,10.0042,0.371,NA,2020-05-13,1,1,5,2,5,4,3,3,4,4,4,5
135,S3,A,control,M,46,66008.41,1,NA,51.45,45.89,48.17,58.21,0.181,-1.45,0,0.17,-0.145,0,2,cat2,med,2,0.459,11.729,3,9.9945,1.291,NA,2020-05-14,4,4,1,4,2,1,2,5,3,3,4,1
136,S2,C,treatment,M,30,51874.22,4,4,64.83,70.53,72.86,73.42,1.022,0.247,1,-0.977,-2.086,0,6,cat3,high,3,0.095,11.321,3,9.9796,2.985,NA,2020-05-15,1,1,5,1,5,5,4,3,2,2,2,1
137,S3,A,treatment,F,30,61347.97,4,NA,51.61,61.57,72.9,64.94,-0.775,-0.14,1,-0.724,-1.064,1,5,cat2,med,3,0.736,13.905,3,10.0018,0.018,NA,2020-05-16,4,4,1,4,4,4,2,3,3,2,3,4
138,S1,C,treatment,F,36,51389.49,3,3,39.34,41.05,47.19,73.25,-0.788,-2.205,1,-1.909,0.609,0,1,cat4,high,1,1.809,9.663,3,10.0027,NA,NA,2020-05-17,4,1,5,3,3,5,NA,4,1,2,2,3
139,S2,B,treatment,M,NA,66440.58,2,3,57.24,57.77,70.35,57.52,1.031,0.748,1,1.391,1.79,1,1,cat2,med,4,0.359,13.143,3,9.9963,0.457,NA,2020-05-18,4,3,2,2,2,3,4,3,4,5,4,5
140,S2,C,treatment,M,NA,59908.3,4,6,38.5,45.79,53.1,73.54,-0.955,-0.804,1,-0.714,-0.324,0,3,cat1,high,2,0.844,9.215,3,10.0007,0.893,NA,2020-05-19,4,5,1,4,4,5,NA,2,5,5,5,4
141,S2,A,control,F,33,51954.3,4,6,40.9,32.78,42.47,58.55,-1.701,-2.033,0,-0.973,-0.861,0,5,cat5,med,1,2.91,7.957,3,9.9981,NA,NA,2020-05-20,4,4,1,5,4,4,3,5,2,3,1,3
142,S1,B,control,M,53,77831.6,2,3,47.06,49.73,58.43,70.51,-0.311,-0.216,0,1.227,2.362,1,1,cat3,high,3,4.219,8.074,3,10.0024,-0.247,NA,2020-05-21,5,5,1,3,3,3,3,1,2,3,2,2
143,S2,A,treatment,O,27,64622.26,2,3,53.49,62.41,68.84,56.95,-0.508,-0.986,1,-1.494,-1.261,1,8,cat2,med,2,1.779,6.645,3,10.0062,0.02,NA,2020-05-22,3,4,2,2,1,1,1,5,1,1,1,1
144,S3,B,treatment,F,42,47199.49,2,4,43.41,50.76,52.17,67.03,-0.335,0.141,1,-0.422,-1.294,0,1,cat1,high,3,1.131,10.747,3,10.0053,1.925,NA,2020-05-23,4,4,1,5,5,4,5,3,4,5,5,4
145,S2,A,treatment,M,54,NA,3,4,37.85,45.15,50.08,57.14,-1.98,-0.842,1,-0.957,-1.029,0,2,cat3,med,2,0.989,9.541,3,10.0292,NA,NA,2020-05-24,5,5,1,5,5,5,5,3,2,4,3,1
146,S1,B,control,M,37,67063.39,3,4,46.22,47.32,50.39,71.88,-1.406,0.255,0,-1.954,-1.457,0,2,NA,high,3,0.367,8.886,3,10.0063,NA,NA,2020-05-25,2,4,5,2,5,4,4,3,5,4,2,5
147,S2,C,control,F,39,49961.5,4,6,48.08,54.82,60.5,74.48,-0.166,0.574,0,-1.706,0.769,1,5,cat2,high,3,1.357,9.307,3,9.9965,1.637,NA,2020-05-26,5,4,1,3,5,5,NA,1,5,5,5,5
148,S1,B,control,F,23,47603.71,2,4,NA,NA,NA,69.03,-0.611,-1.326,0,-0.246,-1.632,1,1,cat1,high,2,3.256,11.447,3,9.9924,NA,NA,2020-05-27,3,4,4,3,1,1,1,5,2,2,2,3
149,S1,B,treatment,F,42,52163.08,3,5,41.26,44.89,53.57,67.37,-1.344,-0.444,1,-0.037,NA,0,7,cat2,high,3,0.709,12.791,3,9.9953,-1.184,NA,2020-05-28,5,5,1,4,5,5,5,1,4,3,2,2
150,S2,B,control,F,30,56630.54,2,4,51.24,57.29,58.49,68.89,0.145,0.107,0,1.297,1.121,1,0,cat5,high,3,0.044,999,3,9.9992,1.251,NA,2020-05-29,5,5,1,5,5,5,5,1,3,3,2,4
151,S2,A,treatment,F,47,64502.8,3,4,45.83,54.77,69.48,46.3,-0.209,-0.438,1,0.906,-1.238,0,3,cat4,low,3,0.048,11.54,3,9.9864,0.073,NA,2020-05-30,5,4,1,5,5,5,5,1,2,4,1,1
152,S2,A,control,M,29,38069.87,2,5,42.96,46.41,50.16,64.5,-0.06,-0.256,0,-0.694,-1.318,1,4,cat3,med,3,1.529,8.075,3,10.0069,NA,NA,2020-05-31,4,3,3,4,5,4,4,3,4,3,5,5
153,S2,A,control,M,31,67922.47,3,5,55.19,62.27,68.31,51.9,0.16,0.727,0,0.219,-0.686,1,4,cat5,low,4,4.26,9.669,3,9.9868,1.411,NA,2020-06-01,5,2,4,4,4,3,4,2,5,5,4,4
154,S2,C,control,F,28,44044.48,3,3,60.39,59.95,64.49,75.62,0.744,-1.865,0,-0.828,-1.895,1,13,cat3,high,2,1.721,10.803,3,9.9821,NA,NA,2020-06-02,2,1,4,1,5,4,4,3,2,1,2,1
155,S2,B,control,F,33,53453.53,3,3,43.66,44.49,56.4,69.69,-1.602,0.319,0,0.373,-0.586,0,0,cat1,high,3,12.078,8.152,3,10.0016,1.324,NA,2020-06-03,1,2,3,1,2,1,1,5,2,2,2,2
156,S3,A,control,M,24,49942.67,2,4,48.91,41.85,47.04,61.91,1.526,-0.71,0,-0.093,0.456,1,2,cat5,med,2,1.784,10.598,3,10.009,-0.217,NA,2020-06-04,4,3,2,5,3,2,2,4,5,5,4,4
157,S1,A,control,M,35,57232.02,5,3,45.78,54.7,50.94,52.66,-1.918,-1.44,0,-0.626,NA,1,0,cat4,low,2,0.02,10.628,3,10.0104,-0.573,NA,2020-06-05,2,2,3,2,1,2,3,4,4,3,3,3
158,S1,A,control,F,30,47968.36,4,5,49.71,42.16,46.19,66.36,-0.849,-1.3,0,1.836,0.344,0,5,cat1,high,2,1.073,11.58,3,10.0256,NA,NA,2020-06-06,5,5,2,5,2,5,4,3,2,2,3,3
159,S2,B,NA,M,47,75940.3,3,4,52.9,56.79,65.85,72.12,0.276,-0.299,1,0.524,-1.535,1,1,cat1,high,3,0.099,9.594,3,10.0026,-0.39,NA,2020-06-07,4,3,3,2,1,1,1,5,NA,NA,NA,NA
160,S3,C,control,F,37,NA,1,3,43.69,42.61,47.52,75.35,-1.108,-2.379,0,-1.975,NA,0,1,cat2,high,1,0.563,11.815,3,10.0074,0.192,NA,2020-06-08,1,1,5,1,1,1,NA,5,3,4,4,4
161,S2,C,control,F,37,50928.38,2,5,48.06,55.74,58.64,61.47,0.283,-0.433,0,-0.283,0.481,1,2,cat1,med,3,1.742,10.145,3,10.0009,0.33,NA,2020-06-09,4,4,2,5,4,2,NA,2,4,5,5,4
162,S1,A,treatment,M,60,78593.32,3,5,55.31,56.12,66.42,58.7,0.2,0.604,1,0.187,0.083,1,0,cat1,med,3,2.681,6.515,3,9.989,NA,NA,2020-06-10,5,3,2,3,5,4,4,3,2,4,4,2
163,S1,B,treatment,M,18,46559.47,1,4,52.78,54.67,66.3,54.01,-0.51,-0.277,1,-0.324,-1.849,1,4,cat6,low,3,0.356,9.186,3,10.0004,-0.422,NA,2020-06-11,2,4,3,3,4,3,4,2,1,3,3,2
164,S1,C,control,M,29,69048.77,2,3,44.21,44.32,51.28,74.76,-1.451,0.693,0,0.046,1.068,1,0,cat2,high,4,0.508,5.75,3,9.9993,-0.326,NA,2020-06-12,1,2,5,1,1,1,1,5,1,1,1,1
165,S3,B,control,F,39,NA,4,NA,46.06,57.26,57.14,52.99,1.11,0.747,0,0.92,2.641,1,2,cat5,low,4,2.856,9.838,3,9.9988,-0.874,NA,2020-06-13,4,4,2,4,1,2,1,5,2,2,1,2
166,S3,C,control,F,54,76156.79,3,2,35.33,32.3,32.69,66.67,-1.567,-1.675,0,-0.731,-1.037,0,1,cat1,high,2,1.013,8.173,3,9.9868,-2.008,NA,2020-06-14,5,5,3,4,3,3,NA,3,5,5,5,5
167,S1,B,treatment,M,34,51972.05,4,3,52.1,53.05,62.75,63.67,0.174,-0.912,1,1.714,-0.027,1,0,cat6,med,2,0.937,9.445,3,9.999,-1.379,NA,2020-06-15,1,1,5,1,3,4,1,5,1,1,1,1
168,S1,A,treatment,M,47,69357.43,1,NA,42.36,47.87,52.68,53.78,-0.881,-0.436,1,-1.246,-0.077,1,0,cat5,low,3,0.489,9.347,3,10.0058,-0.269,NA,2020-06-16,4,3,5,3,4,5,4,2,4,3,5,4
169,S1,A,control,M,34,60298.23,1,4,60.03,55.43,61.07,69.1,1.397,2.749,0,0.736,2.753,0,0,cat1,high,5,2.644,11.628,3,9.9994,-0.307,NA,2020-06-17,1,1,5,1,3,5,3,1,5,4,5,5
170,S1,A,control,F,43,72040.15,2,5,51.79,54.27,58.73,55.38,1.004,0.618,0,0.697,0.933,1,0,cat1,med,3,2.326,10.262,3,10.0052,0.279,NA,2020-06-18,5,5,2,5,5,5,5,1,5,4,3,3
171,S3,A,treatment,F,43,67428.03,3,3,61.66,60.63,63.25,64.24,1.676,1.436,1,2.615,3.316,1,6,cat2,med,4,3.376,8.514,3,10.011,-0.116,NA,2020-06-19,2,5,2,4,4,2,3,3,5,4,5,5
172,S3,A,control,F,34,51858.14,4,5,50.1,59.11,72.47,52.81,-0.453,-0.965,0,-2.526,-1.349,0,2,cat3,low,2,12.215,8.783,3,10.0113,NA,NA,2020-06-20,5,5,1,5,2,1,2,4,3,4,2,2
173,S2,C,control,M,44,55694.9,3,4,56.96,63.38,67.07,57.56,0.462,0.542,0,0.55,0.852,1,0,cat1,med,3,0.944,10.559,3,10.0091,-0.876,NA,2020-06-21,4,4,1,5,2,4,NA,3,5,5,5,5
174,S3,C,treatment,M,21,NA,2,4,66.54,68.89,71.97,76.54,1.151,0.929,1,-0.102,-1.174,0,0,cat4,high,4,1.76,12.406,3,9.9998,-0.434,NA,2020-06-22,1,3,4,3,4,4,3,3,2,2,2,3
175,S2,C,control,M,18,44536.69,1,3,39.16,47.1,45.77,66.85,-1.171,-0.08,0,-0.343,-2.038,0,0,cat5,high,3,1.657,10.072,3,9.9974,NA,NA,2020-06-23,2,1,4,3,1,1,NA,5,1,3,1,4
176,S1,C,control,M,43,56265.64,2,4,62.88,69.45,71.18,72.43,0.877,-0.079,0,1.273,1.107,1,0,cat1,high,3,5.001,13.316,3,10.0027,1.337,NA,2020-06-24,3,3,2,2,3,4,NA,2,3,4,3,3
177,S2,B,control,F,33,70247.04,3,3,45.88,51.92,48.82,65.66,-0.516,0.433,0,0.096,1.036,0,10,cat2,high,3,1.342,9.456,3,10.0134,0.707,NA,2020-06-25,2,4,3,2,3,2,3,5,2,3,3,3
178,S3,A,control,M,23,54442.26,2,4,51.38,54.82,59.79,61.58,-1.084,-1.354,0,-2.263,-1.039,0,0,cat3,med,2,2.381,12.995,3,10.0096,0.426,NA,2020-06-26,4,4,2,4,4,3,4,2,2,2,2,1
179,S1,A,control,F,33,60440.8,1,5,55.89,54.73,54.54,62.07,0.409,-0.036,0,-0.495,0.176,0,2,cat4,med,3,0.775,9.077,3,10.0045,-0.146,NA,2020-06-27,1,3,4,2,4,4,3,2,1,1,2,1
180,S2,A,control,M,51,69036.36,3,5,60.61,53.55,54.93,62.46,0.767,-0.142,0,1.255,-1.071,1,1,cat5,med,3,6.061,12.327,3,9.9983,-0.368,NA,2020-06-28,1,1,5,1,1,1,1,5,2,5,3,4
181,S2,B,treatment,M,25,49199.85,3,6,47.81,55.08,59.79,59.72,-0.67,-2.205,1,-2.237,-0.951,1,1,cat2,med,1,2.259,8.095,3,9.9999,-0.993,NA,2020-06-29,4,5,1,4,2,1,3,2,4,4,4,4
182,S1,A,control,M,41,47494.31,4,3,50.86,48.48,48.18,69.86,0.37,-0.007,0,1.404,0.648,1,0,cat2,high,3,2.589,9.008,3,10.0099,-1.496,NA,2020-06-30,4,4,3,4,3,2,4,4,3,4,3,2
183,S3,B,control,M,58,80698.77,2,4,52.06,59.04,70.08,56.23,0.248,1.052,0,-0.133,NA,0,8,cat1,med,4,1.213,8.079,3,10.0205,-0.505,NA,2020-07-01,4,2,3,2,4,4,4,1,4,3,4,3
184,S1,C,treatment,F,49,71460.87,3,6,61.09,68.49,83.39,62.68,2.366,0.956,1,3.014,1.92,1,0,cat4,med,4,1.719,10.864,3,10.0005,-0.631,NA,2020-07-02,4,3,1,3,4,5,3,2,2,1,4,2
185,S1,A,control,M,31,52145.15,2,4,NA,NA,NA,58.46,0.147,0.139,0,-0.6,-1.352,0,2,cat6,med,3,1.155,7.481,3,9.9928,0.22,NA,2020-07-03,5,4,2,5,3,4,2,3,4,2,2,3
186,S3,B,control,M,18,38532.95,2,4,50.48,56.64,66.81,80.04,0.331,-1.462,0,0.851,-1.562,0,1,cat4,high,2,0.095,10.185,3,9.9998,NA,NA,2020-07-04,3,3,3,2,4,5,2,3,5,5,5,5
187,S2,A,control,F,26,NA,1,3,49.77,50.58,52.99,68.22,-0.701,0.103,0,-0.775,-0.347,0,2,cat2,high,3,4.933,11.438,3,9.9908,NA,NA,2020-07-05,1,2,5,2,1,1,1,4,2,3,4,3
188,S3,A,treatment,F,45,58195.49,4,2,47.19,51.39,59.27,63.8,0.392,-0.789,1,0.966,3.49,1,0,cat4,med,2,1.494,10.049,3,10.019,0.724,NA,2020-07-06,4,3,3,4,1,1,1,4,2,3,4,3
189,S3,C,treatment,F,18,NA,2,5,55.84,58.87,69.77,74.12,-0.517,-0.097,1,0.082,0.451,0,5,cat2,high,3,0.638,12.956,3,9.9763,NA,NA,2020-07-07,2,4,2,4,5,3,NA,4,3,3,4,3
190,S1,A,control,F,52,76681.63,3,2,53.39,58.43,66.07,59.92,0.015,2.117,0,1.337,-0.851,0,0,cat3,med,5,0.043,7.003,3,10.0058,NA,NA,2020-07-08,3,2,5,2,1,2,1,4,5,5,4,2
191,S2,B,control,F,43,64386.37,2,2,50.94,48.88,51.04,63.15,1.114,2.115,0,2.043,0.209,1,0,cat1,med,5,0.192,12.706,3,9.9902,-0.113,NA,2020-07-09,1,2,5,1,2,3,3,1,3,1,2,1
192,S2,A,NA,M,43,53805.68,3,5,62.96,63.62,54.8,63.79,1.006,-1.047,0,1.989,1.658,1,3,cat5,med,2,0.346,9.74,3,9.9993,-0.054,NA,2020-07-10,4,4,1,5,3,2,2,5,3,2,1,1
193,S3,C,control,F,39,57898.97,2,3,48.16,46.29,46.15,67.33,-1.107,-0.629,0,0.3,2.379,0,1,cat2,high,2,1.563,5.826,3,10.0072,NA,NA,2020-07-11,4,4,2,4,2,3,NA,4,2,2,2,4
194,S1,A,control,F,50,72561.61,3,4,49.93,50.9,57.21,55.73,-0.045,-1.529,0,-0.726,-2.671,0,9,cat4,med,2,0.693,6.764,3,10.001,NA,NA,2020-07-12,5,5,1,5,4,4,4,2,5,5,4,2
195,S2,B,control,O,42,71886.66,2,5,61.24,63.08,69.56,69.38,0.648,-0.607,0,2.755,3.287,1,1,cat1,high,3,1.966,8.827,3,9.9927,1.943,NA,2020-07-13,3,5,4,3,4,5,2,2,5,4,2,4
196,S2,C,control,M,19,31372.26,2,5,47.39,47.13,50.45,66.96,-0.806,-0.342,0,0.073,0.144,0,1,cat3,high,3,0.941,9.533,3,9.9927,0.592,NA,2020-07-14,5,5,2,5,2,2,NA,4,3,4,3,3
197,S1,B,treatment,M,18,42516.66,1,5,55.48,66.99,75.65,68.12,0.65,0.68,1,0.495,0.477,0,0,cat1,high,4,0.821,10.385,3,9.9947,-0.17,NA,2020-07-15,3,2,5,1,1,2,2,5,4,3,3,4
198,S3,C,control,M,40,59949.03,1,4,46.8,48.19,55.76,66.51,-1.052,1.405,0,-1.029,-0.235,0,3,cat1,high,4,0.117,12.265,3,9.9938,NA,NA,2020-07-16,3,4,3,2,1,1,1,5,4,5,3,5
199,S3,A,treatment,M,18,42597.18,1,4,41.38,47.2,56.12,60.8,0.718,-0.738,1,-1.554,-0.262,0,4,cat2,med,2,1.507,8.991,3,9.9899,NA,NA,2020-07-17,5,4,4,4,1,2,1,4,3,3,3,3
200,S1,A,control,M,32,NA,3,4,43.75,49.47,59.75,53.36,-0.183,-1.166,0,-0.149,-2.852,1,7,cat1,low,2,4.067,999,3,9.9778,0.884,NA,2020-07-18,1,1,5,2,3,3,1,2,5,5,5,4
201,S1,C,treatment,F,46,70669.75,3,3,48.26,54.24,65.46,76.06,-0.035,0.483,1,0.522,1.058,0,3,cat4,high,3,7.38,12.056,3,9.9899,-0.353,NA,2020-07-19,1,1,4,1,1,1,NA,5,2,1,1,2
202,S1,C,treatment,O,35,70501.25,2,4,40.13,49.45,52.32,68.09,-1.237,-2.319,1,-1.944,-3.008,0,0,cat1,high,1,1.174,7.567,3,10.0126,NA,NA,2020-07-20,2,3,4,4,3,2,3,2,5,5,5,5
203,S3,A,control,F,32,64644.18,1,4,51.98,52.32,56.77,64.88,-0.128,1.134,0,0.789,0.642,0,3,cat2,med,4,2.677,9.987,3,10.0088,-0.83,NA,2020-07-21,1,1,5,1,3,4,3,2,3,2,2,2
204,S2,C,treatment,M,41,68984.71,3,4,51.51,53.27,60.01,75.21,0.212,0.304,1,0.073,0.164,0,3,cat1,high,3,0.247,8.966,3,10.0061,-0.163,NA,2020-07-22,2,2,4,2,3,2,4,2,2,2,2,2
205,S2,B,control,M,36,57975.68,1,6,38.14,50.91,56.66,59.33,-1.498,-1.608,0,0.105,-1.087,1,3,cat3,med,2,0.149,10.444,3,9.9909,1.607,NA,2020-07-23,5,5,1,5,5,5,5,1,2,2,2,3
206,S3,C,control,M,25,57107.73,2,2,48.71,51.87,50.36,73.15,-1.154,-2.083,0,-0.951,-1.553,1,1,cat3,high,1,3.004,11.825,3,9.9992,0.954,NA,2020-07-24,2,4,2,3,2,4,NA,4,1,1,1,1
207,S3,B,control,M,47,64169.67,3,3,49.56,49.28,53.5,48.83,0.722,0.038,0,-0.519,-2.325,0,7,cat3,low,3,1.709,10.529,3,9.9979,-0.054,NA,2020-07-25,1,1,5,2,4,4,5,1,2,2,2,4
208,S2,B,control,F,37,43605.67,4,2,60.2,58.72,62.23,63.21,0.885,1.433,0,-0.351,NA,0,4,cat5,med,4,1.396,11.857,3,10.0042,-0.295,NA,2020-07-26,1,1,5,1,1,3,1,5,1,1,3,1
209,S1,A,control,M,55,NA,4,2,56.18,66.62,64.5,52.24,-0.221,1.16,0,-1.737,-1.103,1,2,NA,low,4,0.095,6.677,3,10.0239,-1.469,NA,2020-07-27,1,2,5,1,1,1,1,5,5,5,4,4
210,S1,A,treatment,F,25,31685.48,3,3,54.59,64.69,75.18,59.72,1.346,1.674,1,1.789,-0.973,1,0,cat1,med,4,5.09,11.834,3,9.9972,0.201,NA,2020-07-28,3,2,4,3,3,4,4,2,2,1,2,2
211,S2,C,control,M,27,55360.67,3,3,50.31,49.18,52.56,74.54,-0.493,-0.987,0,-0.414,-0.672,1,0,cat4,high,2,3.121,10.784,3,9.9852,0.866,NA,2020-07-29,1,1,5,1,1,1,NA,5,1,2,3,3
212,S1,A,control,M,34,57681.0,2,5,51.47,51.55,56.64,58.31,-0.417,0.4,0,0.389,2.283,0,2,cat3,med,3,0.262,7.735,3,10.0032,NA,NA,2020-07-30,2,3,5,3,3,2,2,5,NA,NA,NA,NA
213,S3,C,control,M,30,49730.87,3,5,46.77,52.78,61.37,75.02,1.617,0.225,0,2.733,1.406,1,0,NA,high,3,0.903,7.248,3,9.997,NA,NA,2020-07-31,3,5,2,3,3,3,NA,2,3,5,3,3
214,S1,C,control,F,52,58329.64,2,3,46.62,52.41,55.16,72.55,-1.229,-1.885,0,-0.3,-0.35,0,0,cat3,high,1,1.251,8.394,3,10.0042,NA,NA,2020-08-01,1,3,4,4,4,4,NA,3,2,3,5,3
215,S1,C,control,F,46,57423.53,1,5,39.97,41.15,40.81,64.8,0.854,0.132,0,0.531,0.082,0,3,cat4,med,3,7.633,10.895,3,9.9982,-0.315,NA,2020-08-02,3,1,4,2,3,5,NA,2,4,5,5,5
216,S1,B,control,F,49,64557.55,4,5,51.65,55.67,65.93,57.88,-0.938,0.422,0,1.19,1.605,0,2,cat1,med,3,1.693,10.663,3,9.9922,1.33,NA,2020-08-03,4,5,2,5,4,4,4,3,5,5,5,5
217,S1,A,treatment,F,36,56843.66,1,NA,55.15,59.75,64.49,59.85,1.051,1.925,1,0.937,0.163,0,1,cat1,med,5,2.149,13.643,3,10.0056,-0.18,NA,2020-08-04,1,1,5,1,5,4,4,1,1,1,1,1
218,S3,A,treatment,M,27,39061.52,5,4,62.02,65.53,73.72,70.58,0.994,1.564,1,0.056,1.395,1,4,cat5,high,4,0.351,8.892,3,10.0009,-0.081,NA,2020-08-05,3,2,2,2,5,5,5,1,4,4,4,4
219,S3,C,treatment,M,18,53798.81,2,5,60.88,76.24,79.42,65.44,1.996,-1.464,1,0.422,-0.773,1,4,cat1,high,2,1.068,8.437,3,10.0056,0.542,NA,2020-08-06,2,3,2,3,2,1,NA,4,3,1,2,3
220,S2,B,NA,F,21,41065.89,4,4,56.77,59.36,66.85,60.4,0.897,-0.826,1,0.398,NA,1,0,NA,med,2,2.423,9.817,3,9.9939,0.856,NA,2020-08-07,1,1,5,1,1,3,3,3,1,2,1,1
221,S3,B,treatment,F,37,52870.8,4,3,40.16,47.16,50.41,64.53,0.012,-0.901,1,-1.217,-1.273,1,3,cat5,med,2,2.003,5.618,3,10.0085,-1.704,NA,2020-08-08,5,2,4,2,5,5,4,2,2,3,2,3
222,S1,B,control,F,35,49808.5,2,NA,NA,NA,NA,56.74,0.874,-1.259,0,-0.695,0.526,1,0,cat3,med,2,4.403,9.898,3,9.9999,NA,NA,2020-08-09,4,3,4,3,3,3,4,3,4,4,5,3
223,S1,A,control,F,45,85869.12,2,4,50.84,58.15,59.08,60.78,0.036,0.324,0,-0.816,0.414,0,0,cat5,med,3,16.446,12.911,3,9.9985,NA,NA,2020-08-10,1,2,5,1,2,1,1,5,5,5,4,4
224,S1,B,control,M,50,74652.94,3,3,33.86,35.99,36.53,59.69,-1.54,-1.32,0,-2.656,-4.336,0,1,cat5,med,2,3.274,10.188,3,9.9915,NA,NA,2020-08-11,2,3,1,4,1,3,1,5,5,5,5,5
225,S1,B,control,M,NA,37408.64,2,4,53.43,57.48,60.59,68.34,0.62,-1.006,0,-0.508,-0.548,1,0,cat2,high,2,0.225,9.516,3,10.0124,NA,NA,2020-08-12,3,3,2,4,4,5,4,1,4,5,5,4
226,S1,A,treatment,M,30,52599.86,3,4,49.32,51.7,59.7,69.12,-0.249,-0.652,1,-2.067,-2.36,0,2,cat2,high,2,2.069,11.25,3,10.0127,NA,NA,2020-08-13,2,4,5,1,5,4,4,1,4,5,5,5
227,S3,C,control,M,39,63309.28,3,NA,47.71,54.12,67.56,67.79,-1.077,-0.649,0,-1.174,-0.53,0,2,cat2,high,2,0.688,7.499,3,10.0119,0.766,NA,2020-08-14,4,5,1,5,5,5,NA,1,3,5,3,5
228,S3,A,treatment,M,25,63814.37,2,2,59.77,65.74,67.75,60.87,0.399,-0.782,1,0.041,-0.748,0,0,cat2,med,2,1.612,9.064,3,9.9973,-1.221,NA,2020-08-15,3,3,4,1,1,1,1,5,4,5,5,3
229,S1,B,treatment,M,46,66362.93,4,3,51.29,52.31,67.08,64.53,1.816,0.12,1,2.584,1.901,1,2,cat1,med,3,8.66,11.346,3,9.9926,-0.162,NA,2020-08-16,2,2,5,1,1,1,1,5,5,5,4,4
230,S2,A,treatment,M,33,52761.18,3,4,33.54,32.57,39.53,65.94,-1.331,-0.979,1,-1.066,-1.172,0,4,cat6,high,2,0.302,7.705,3,9.99,0.301,NA,2020-08-17,1,1,5,1,2,3,1,4,2,2,2,3
231,S2,A,treatment,M,34,59976.37,2,3,49.63,51.76,58.52,62.04,-0.22,-1.144,1,-1.338,-2.425,1,3,cat5,med,2,4.205,11.478,3,9.9939,1.155,NA,2020-08-18,2,1,4,1,3,3,4,2,5,5,5,5
232,S1,A,treatment,F,32,50434.1,2,NA,55.23,51.71,62.73,54.7,-0.525,-1.449,1,-0.617,-0.747,0,4,cat1,low,2,1.095,8.853,3,10.0001,-0.31,NA,2020-08-19,3,1,2,2,1,1,1,5,2,1,1,1
233,S1,C,control,F,30,60957.85,3,4,76.71,82.46,80.79,72.97,1.737,0.292,0,1.631,NA,1,1,cat2,high,3,0.749,7.724,3,10.0273,1.518,NA,2020-08-20,4,4,1,4,2,2,2,4,1,2,1,1
234,S1,B,control,F,52,70383.43,3,NA,36.45,35.67,36.83,67.78,-1.361,-0.536,0,-3.112,-3.955,0,2,cat1,high,3,6.452,8.764,3,10.0103,NA,NA,2020-08-21,1,1,2,3,2,4,4,3,1,2,1,2
235,S3,C,control,M,18,37243.06,2,4,46.63,45.75,44.17,65.08,0.664,1.627,0,1.337,NA,1,0,cat6,high,4,1.786,6.998,3,10.0116,NA,NA,2020-08-22,2,1,5,2,2,3,NA,5,4,3,4,5
236,S2,A,control,M,28,43407.1,3,3,49.02,61.06,58.55,67.31,-1.313,-2.264,0,-2.363,-1.469,0,3,cat2,high,1,0.664,9.718,3,9.9986,NA,NA,2020-08-23,4,3,2,3,4,5,5,3,4,5,3,4
237,S2,A,treatment,F,62,78477.71,4,4,57.11,62.35,64.1,62.48,-0.327,0.622,1,-0.154,-0.381,1,0,cat5,med,3,0.804,8.802,3,9.9967,-0.378,NA,2020-08-24,4,3,3,3,1,2,1,4,4,3,2,4
238,S1,A,treatment,M,NA,45778.55,1,5,52.66,60.46,64.65,65.6,0.075,-2.748,1,0.168,-2.026,1,2,cat2,high,1,0.287,9.8,3,10.0038,NA,NA,2020-08-25,1,2,5,4,2,2,4,4,1,1,1,1
239,S2,C,control,F,42,58593.18,2,4,35.14,37.05,44.12,69.97,-1.441,-0.534,0,-0.771,-2.146,0,1,cat6,high,3,1.084,6.75,3,10.0085,0.894,NA,2020-08-26,2,3,4,1,2,1,1,5,2,1,1,2
240,S1,C,control,F,27,53066.42,1,4,60.97,61.81,65.34,57.21,0.682,1.458,0,0.034,1.009,1,0,cat1,med,4,1.721,8.314,3,9.9977,0.033,NA,2020-08-27,5,1,3,4,3,3,NA,4,4,2,1,2
